{
  "dataset": "feature_eng_encode_dropcols_v8.parquet",
  "feature_names": [
    "hour",
    "day_of_week",
    "is_weekend",
    "month",
    "day",
    "hour_sin",
    "hour_cos",
    "dow_sin",
    "dow_cos",
    "is_morning_rush",
    "is_evening_rush",
    "is_late_night",
    "pickup_popularity",
    "drop_popularity",
    "vehicle_popularity",
    "pickup_hour_demand",
    "is_holiday",
    "Vehicle Type_Bike",
    "Vehicle Type_Go Mini",
    "Vehicle Type_Go Sedan",
    "Vehicle Type_Premier Sedan",
    "Vehicle Type_Uber XL",
    "Vehicle Type_eBike"
  ],
  "scaled": true,
  "n_samples": 150000,
  "n_features": 23,
  "agglomerative_max_samples": 1500,
  "label_classes": [
    "Other",
    "Completed"
  ],
  "kmeans": {
    "n_clusters": 5,
    "n_iter": 6,
    "inertia": 2527012.404659003,
    "cluster_sizes": {
      "0": 19123,
      "1": 51919,
      "2": 10557,
      "3": 20801,
      "4": 47600
    },
    "cluster_centers": [
      [
        -0.8830570044523026,
        1.249131976906702,
        1.5790016651153564,
        0.02541384897673784,
        0.017482591876220997,
        0.900501713903492,
        -0.5474434405041622,
        -1.240401078297841,
        0.2791244741551629,
        0.5102386223324197,
        -0.9361161589622498,
        0.2739802043707134,
        -0.008421750687398198,
        0.006565547805428131,
        0.14869428724588188,
        -0.2762529332813549,
        -0.10946247354169299,
        0.027433621235387017,
        0.046147440242286085,
        0.031226835415177918,
        0.025853886845807167,
        0.005182167146486798,
        -0.2751515209674835
      ],
      [
        0.8139253915252844,
        -0.5038998927081626,
        -0.6333115100860596,
        -0.0024781292099006627,
        -0.010058824316130095,
        -0.8299387524741753,
        0.4907037048817861,
        0.5014885435128379,
        -0.10848536105586594,
        -0.4600450396537781,
        0.8595807023611763,
        -0.26093482971191406,
        0.0074427008112266935,
        0.00477304100008298,
        0.13649231348654625,
        0.24633199053513757,
        0.04685675052013223,
        0.03549642908389236,
        0.03366054178441456,
        0.032909883793206876,
        0.030579621306819273,
        0.016698870630587018,
        -0.2751515209674835
      ],
      [
        -0.007066998719686336,
        0.008786388830567798,
        -0.0012819054249370257,
        0.005834852806758709,
        0.014586245615176092,
        0.0030819861394946655,
        0.016705134174775656,
        -0.010393253160504564,
        -0.01588183480523194,
        -0.005495107483319558,
        0.007491638971637503,
        0.012030010615445745,
        0.006954719757639521,
        0.00475622054591367,
        -1.8515828847885132,
        -0.004810689216197536,
        0.012268821271382532,
        -0.420270711183548,
        -0.4979783594608307,
        -0.4700125455856323,
        -0.3705671429634094,
        -0.17483307421207428,
        3.634361505508423
      ],
      [
        0.8193391290004881,
        1.248610535525776,
        1.5790016651153564,
        0.007118428841180959,
        0.02583793388579959,
        -0.8292506405378349,
        0.5011732597218346,
        -1.2406863139389879,
        0.277874683320571,
        -0.4600450396537781,
        0.8534597101093949,
        -0.26093482971191406,
        -0.006287825997177583,
        -0.00712924746119611,
        0.14872363268287472,
        0.25763973177054583,
        -0.12426648651841203,
        0.02873479723242646,
        0.03309604465391228,
        0.03887080602947092,
        0.0146791026097216,
        0.01814828144920015,
        -0.2751515209674835
      ],
      [
        -0.8894949365981087,
        -0.4997956908101479,
        -0.6333115100860596,
        -0.011911683304532737,
        -0.010578104328802403,
        0.9051681301676269,
        -0.5380114779956325,
        0.49581182883597497,
        -0.11171526805943802,
        0.4990587030063156,
        -0.9361161589622498,
        0.285900348655316,
        -0.003529313944393628,
        -0.005783191807646335,
        0.13704905671670156,
        -0.26922063157236314,
        0.04445045566859365,
        0.030914515591844792,
        0.040727348713313835,
        0.03881446340504815,
        0.032030936514630036,
        0.010548814542967232,
        -0.2751515209674835
      ]
    ],
    "silhouette": 0.12783944606781006,
    "davies_bouldin": 2.232502486648309,
    "calinski_harabasz": 188.5602569580078,
    "adjusted_rand_index": -0.0003954773488319279,
    "normalized_mutual_info": 1.808032984566435e-05,
    "classification_evaluation": {
      "accuracy": 0.62,
      "precision_macro": 0.31,
      "precision_weighted": 0.3844,
      "recall_macro": 0.5,
      "recall_weighted": 0.62,
      "f1_macro": 0.38271604938271603,
      "f1_weighted": 0.4745679012345679,
      "confusion_matrix": [
        [
          0,
          57000
        ],
        [
          0,
          93000
        ]
      ],
      "classification_report": {
        "Other": {
          "precision": 0.0,
          "recall": 0.0,
          "f1-score": 0.0,
          "support": 57000.0
        },
        "Completed": {
          "precision": 0.62,
          "recall": 1.0,
          "f1-score": 0.7654320987654321,
          "support": 93000.0
        },
        "accuracy": 0.62,
        "macro avg": {
          "precision": 0.31,
          "recall": 0.5,
          "f1-score": 0.38271604938271603,
          "support": 150000.0
        },
        "weighted avg": {
          "precision": 0.3844,
          "recall": 0.62,
          "f1-score": 0.4745679012345679,
          "support": 150000.0
        }
      },
      "cluster_label_mapping": {
        "0": "Completed",
        "1": "Completed",
        "2": "Completed",
        "3": "Completed",
        "4": "Completed"
      }
    }
  },
  "agglomerative": {
    "n_clusters": 5,
    "cluster_sizes": {
      "0": 243,
      "1": 521,
      "2": 98,
      "3": 307,
      "4": 331
    },
    "linkage": "ward",
    "merge_history_length": 1495,
    "last_merge_distance": 1640.0631103515625,
    "sample_size": 1500,
    "assigned_via_centroid": 148500,
    "silhouette": 0.11129917949438095,
    "davies_bouldin": 2.1715942259436045,
    "calinski_harabasz": 189.73654174804688,
    "adjusted_rand_index": -0.00014011222345625569,
    "normalized_mutual_info": 1.4014446276804433e-05,
    "classification_evaluation": {
      "accuracy": 0.62,
      "precision_macro": 0.31,
      "precision_weighted": 0.3844,
      "recall_macro": 0.5,
      "recall_weighted": 0.62,
      "f1_macro": 0.38271604938271603,
      "f1_weighted": 0.4745679012345679,
      "confusion_matrix": [
        [
          0,
          57000
        ],
        [
          0,
          93000
        ]
      ],
      "classification_report": {
        "Other": {
          "precision": 0.0,
          "recall": 0.0,
          "f1-score": 0.0,
          "support": 57000.0
        },
        "Completed": {
          "precision": 0.62,
          "recall": 1.0,
          "f1-score": 0.7654320987654321,
          "support": 93000.0
        },
        "accuracy": 0.62,
        "macro avg": {
          "precision": 0.31,
          "recall": 0.5,
          "f1-score": 0.38271604938271603,
          "support": 150000.0
        },
        "weighted avg": {
          "precision": 0.3844,
          "recall": 0.62,
          "f1-score": 0.4745679012345679,
          "support": 150000.0
        }
      },
      "cluster_label_mapping": {
        "0": "Completed",
        "1": "Completed",
        "2": "Completed",
        "3": "Completed",
        "4": "Completed"
      }
    }
  }
}